City,Seed,Transition_days,Transition_RMSE_C1,Transition_RMSE_C3,Transition_RMSE_gain_pct,Transition_MAE_C1,Transition_MAE_C3,Transition_MAE_gain_pct,Boundary20_days,Boundary20_RMSE_C1,Boundary20_RMSE_C3,Boundary20_RMSE_gain_pct,Boundary20_MAE_C1,Boundary20_MAE_C3,Boundary20_MAE_gain_pct
bengaluru,11,49,16.669556533579975,14.709754538104523,11.756773442218035,13.069005102040819,11.83904085421853,9.411307427144717,270,9.486754035069826,9.429675337528915,0.6016673071727939,7.328364197530864,7.4463150620645635,-1.6095115001713522
bengaluru,22,49,15.925883835853181,13.977990194204217,12.230992400332369,12.705144557823132,11.409285869465855,10.199480080369169,270,9.499304299913545,9.38375547625352,1.2163924853010297,7.273533950617281,7.374023535824051,-1.38157855437303
bengaluru,33,49,15.944528901094392,13.955689183270184,12.473493134611827,12.382482993197275,11.047989092763197,10.777272225346287,270,9.362729359076427,9.232883930860806,1.3868330829166373,7.2585262345679,7.316720653696408,-0.8017387724158651
bengaluru,44,49,15.988689825242282,14.033411907215815,12.22913158862808,12.550382653061224,11.150647837461836,11.15292540708288,270,9.09813933124606,8.983720770567288,1.257603961788317,6.947199074074076,6.982350182976186,-0.5059752646687246
bengaluru,55,49,16.10816362458596,14.214682225691748,11.75479367495487,12.783971088435376,11.421072348317558,10.66099673325076,270,9.158315249044142,9.069159942959113,0.9734902507787596,7.036358024691357,7.141571241649805,-1.4952794697092282
bengaluru,66,49,15.731479967972172,13.744726565702557,12.629157627346315,12.476360544217687,11.166638295871136,10.497630648815749,270,9.021660757928506,9.01489980120683,0.07494137612893778,6.9463040123456805,7.0574541061355145,-1.600132870549384
bengaluru,77,49,16.146349722925,14.11443096484146,12.584384662488564,12.527806122448983,11.322230872865216,9.623195296927985,270,9.246016949318411,9.152103804854104,1.0157146042354028,7.105594135802469,7.232957016478585,-1.7924311217605462
chennai,11,107,35.081617232995015,32.76513741016245,6.6031158354178245,23.307476635514014,22.792366095279686,2.2100656724436885,237,21.773022587335845,20.780025023341622,4.56067851861686,14.099024261603375,14.010315485550086,0.6291837960366873
chennai,22,107,36.320462096570644,33.779473096721844,6.99602607778693,23.840712616822433,23.26184331670577,2.4280704583813524,237,21.792901893811518,20.860816922201412,4.277011735985413,13.953023909985935,13.92045394245253,0.23342587057487418
chennai,33,107,35.63266799114524,33.5717153515853,5.783885282101504,23.458528037383182,23.191125168003754,1.1398961987440057,237,21.5100290441095,20.63423699622035,4.0715521401352435,13.818020393811532,13.78297007170793,0.2536566100256891
chennai,44,107,35.89917930434889,33.666643547693624,6.218904721269808,23.47026869158878,23.0315581652606,1.8692181674315778,237,21.689552408893466,20.807966133103097,4.064566475004288,13.738343881856537,13.768583083312494,-0.2201080546243483
chennai,55,107,36.01929256523041,33.67430706178803,6.510359689035109,23.771378504672896,23.312105522529063,1.9320418546764166,237,21.61428703768923,20.64986144770099,4.461981967328161,14.020552039381155,13.96134503122218,0.4222872822173693
chennai,66,107,35.42724219739855,33.104656144310816,6.555932409715713,23.660552959501555,23.169305810594807,2.0762285215716982,237,21.44829047595318,20.450116156723805,4.653864233834769,13.897776019690577,13.803374698306033,0.6792548768291716
chennai,77,107,35.74896146743922,33.51308279931816,6.254387753774435,23.541919781931462,23.12106593203945,1.7876785486926152,237,21.45715888656848,20.61859017468181,3.9081069228209304,13.785645218002815,13.73716138064785,0.3516979915575474
delhi,11,129,28.54407859275563,27.578098557237624,3.3841696181538907,20.55852713178295,19.80118575158973,3.6838309249420282,160,25.732365672311065,25.69991550374769,0.1261064333400683,17.97180989583333,17.93054126213711,0.22962981433378643
delhi,22,129,28.797960604142457,27.778349064821043,3.540568560867977,20.713711240310072,19.925120661305293,3.8070945851081324,160,26.110330439995664,25.800304930069885,1.1873672400977506,18.130442708333337,18.045516657401425,0.4684168627216011
delhi,33,129,29.04902045166273,28.13911166499549,3.132321753090849,20.63330103359173,20.163614816433643,2.2763503347982117,160,25.544804108215097,25.38905635257361,0.6097042474144377,17.54294270833333,17.575160301963024,-0.1836498822651235
delhi,44,129,29.025495340780488,27.978058542986666,3.608678458355833,20.940891472868216,20.200997475297857,3.5332497593476035,160,25.3822608873153,25.028692651685503,1.3929737669920967,17.677265625,17.52632831843775,0.853849853049611
delhi,55,129,28.09803882142782,27.22881993077442,3.0935215663184494,20.520865633074926,19.98912770260823,2.5912061409810003,160,25.061079069670654,24.946070958321307,0.45891125050769205,17.289088541666665,17.319731877003893,-0.1772408953969862
delhi,66,129,28.70865875431553,27.80663335526066,3.1419977045053478,20.672335271317827,20.19735920945972,2.2976410532443383,160,25.643275329161934,25.602916230961274,0.15738667421615807,17.948177083333338,18.077592781580716,-0.7210520469376986
delhi,77,129,28.571456290673652,27.576221587423053,3.4833180819539304,21.151324289405682,20.356551064967544,3.7575577470401043,160,25.36808809686534,25.094284311202927,1.0793236944657474,18.241888020833333,18.054144601911307,1.0291885286633216
gurugram,11,145,45.67022206983501,44.548132899205605,2.456938284455033,36.50531609195402,34.8920759990023,4.41919223186041,186,36.685490241226134,34.02462895714843,7.253170849240831,29.702060931899634,26.42500889455974,11.033079640007013
gurugram,22,145,45.776336102388235,44.734576395305616,2.2757603508339073,36.666091954022995,35.31348159342823,3.688995168317519,186,37.79415095155361,35.173458769646835,6.934121063510878,30.6182347670251,27.646637813122414,9.705317685730876
gurugram,33,145,44.72653006526037,43.90835237901571,1.829289428558081,35.717586206896556,34.81512075423062,2.5266697683274097,186,35.433219615054455,33.84774614461171,4.474539676798451,28.299686379928318,26.451883019986703,6.529412853324685
gurugram,44,145,45.05262937048674,44.26299217676182,1.7526994645116099,36.003678160919534,35.17370292902183,2.30525122513346,186,36.00264171335387,34.41292958712562,4.415543000664321,28.61435931899641,26.7859695524173,6.389763077327701
gurugram,55,145,45.22437430964628,44.4375444495511,1.7398358122278152,35.58895114942529,34.757758032034026,2.3355369870311224,186,34.97966285757205,33.52369778958966,4.162318756217564,27.395631720430107,25.745076159195946,6.024885931005086
gurugram,66,145,45.68191883309486,44.910719496332426,1.688193833494863,36.320172413793095,35.55232975079422,2.114094212579438,186,36.89718421087132,35.25294470678277,4.456273667636938,29.87754256272401,28.0755584982024,6.031232524356973
gurugram,77,145,45.053732650030575,44.26859145171848,1.7426773590790685,36.264094827586206,35.285375887551695,2.698864937034074,186,36.47998305129987,34.72893059189147,4.800036384189068,29.791588261648744,27.87792319817909,6.423508027375466
hyderabad,11,59,13.779402721762889,13.779402721762889,0.0,9.752295197740118,9.752295197740118,0.0,257,7.770478904744143,7.474892788321227,3.803962664932419,5.863837548638133,5.710667984407148,2.6121044957420243
hyderabad,22,59,13.514884355761232,13.514884355761232,0.0,9.648411016949153,9.648411016949153,0.0,257,7.720556702828069,7.4138569380391575,3.972508416090851,5.887086575875487,5.731064937643538,2.6502351582751538
hyderabad,33,59,13.706667861473845,13.706667861473845,0.0,9.789795197740114,9.789795197740114,0.0,257,7.818162940025127,7.529828402973168,3.6880087977679388,5.8396157587548645,5.713051761932096,2.167334325602179
hyderabad,44,59,14.02760398524897,14.02760398524897,0.0,9.989371468926556,9.989371468926556,0.0,257,7.763819880271277,7.454036948119288,3.990083965486903,5.830763618677044,5.68610302374129,2.480988844623689
hyderabad,55,59,14.123149773408482,14.123149773408482,0.0,10.064265536723163,10.064265536723163,0.0,257,7.827149387875923,7.5332661111347266,3.754665487749791,5.87054961089494,5.722861301129269,2.515749283364917
hyderabad,66,59,13.555309983935935,13.555309983935935,0.0,9.614759887005647,9.614759887005647,0.0,257,7.8415096238414925,7.559097233640195,3.601505370122166,5.859038586251621,5.720938353395013,2.3570459696350854
hyderabad,77,59,13.612053139481976,13.612053139481976,0.0,9.797245762711867,9.797245762711867,0.0,257,7.8059188071436685,7.486780783519236,4.088410749704061,5.842550259403374,5.678052684795741,2.8155097911717504
jaipur,11,85,40.7137664299156,34.98990878795399,14.058777027702947,20.57551470588235,17.84459478537111,13.27266879856228,210,15.561934761228486,14.117916896693416,9.27916667619468,12.0622123015873,10.359507776507911,14.116021858240094
jaipur,22,85,41.46892881405661,35.549374521724296,14.27467374157439,20.864313725490195,18.02302275640867,13.6179459648859,210,15.326815684887878,13.672853238941974,10.791298596855304,12.137886904761903,10.115821206019627,16.659124562686316
jaipur,33,85,42.01944019157658,36.25457987829111,13.71950765408131,20.550759803921572,18.024276216367813,12.293869480541765,210,15.919125746916222,14.197436303756025,10.815226103064834,12.399732142857143,10.442776060156222,15.782244811056056
jaipur,44,85,41.163250800966495,35.50778995772684,13.739101585015888,20.453970588235297,18.05223803240319,11.742133613967038,210,15.84228925124895,14.136012226982965,10.7703943363581,12.371329365079362,10.399399357413497,15.939515871528288
jaipur,55,85,40.780087241455874,35.1665941002833,13.765279872834746,20.807352941176475,18.124110874197072,12.895643547572222,210,15.758335330838095,14.227091426561287,9.717040995315397,12.467420634920632,10.446429482989386,16.210178601582992
jaipur,66,85,41.83842942775469,36.26149474632045,13.329694153706981,20.74955882352941,18.434037245538384,11.159377400184956,210,15.68337518760335,14.357973999524182,8.45099458646381,12.237857142857145,10.513648179018851,14.089141127494372
jaipur,77,85,41.6046371730786,35.80551093543661,13.938653553249763,21.274093137254905,18.207384548225896,14.41522592405422,210,15.942137969591824,14.306717796701921,10.258474591107655,12.529255952380954,10.504306361261404,16.161770489928774
lucknow,11,119,31.10242550077251,29.68049839360062,4.571756331790187,24.319345238095238,23.01812498201048,5.350556289017398,177,20.09152612806064,19.44785779002792,3.203680665819332,14.326942090395479,14.268887602067181,0.4052119982198843
lucknow,22,119,32.80561200490548,31.192416750463764,4.917436852574156,25.370605742296913,23.90832305976024,5.763688488126289,177,21.039569816020403,20.20017554298652,3.9895980781638056,14.68299199623352,14.511836024390961,1.1656750333069987
lucknow,33,119,33.12681528881683,31.17344714169335,5.896637301512374,25.918102240896353,24.285556187987623,6.298864159632505,177,20.90216902260474,19.951910852090254,4.546218000088046,14.910016478342751,14.713442345243253,1.3184031914721726
lucknow,44,119,32.65286697090805,30.998169529639867,5.067541060766364,25.35241596638655,23.988441320936424,5.38005785033879,177,20.840423672805056,20.01289383798151,3.9707918025841384,14.736758474576272,14.504752485492212,1.5743352887564435
lucknow,55,119,31.35608899994996,29.935871776205488,4.529318767231268,24.42720588235295,23.102217333490994,5.4242329443793365,177,20.041350857620607,19.39124874105407,3.2438038792147528,14.282073917137478,14.171479891795967,0.7743555031514434
lucknow,66,119,33.55338632908559,31.646607262197232,5.682821543515791,25.916824229691873,24.43070440100686,5.734189557771605,177,21.375796174549574,20.328211233305215,4.900799636607847,14.904096045197738,14.578930328505765,2.1817204861394153
lucknow,77,119,33.98781334697019,32.63434612710195,3.9822132893668383,26.260591736694682,25.104017617955922,4.40421956342532,177,21.18065253964243,20.439665143429732,3.498416277901927,14.657897834274955,14.582587807166774,0.5137846365123457
